{"agent_num": 21, "generation": 304, "num_row": 5, "num_clm": 9, "num_elite": 3, "value_ctlg": [-1, 0, 1], "score_log": [0.3182811737060547, 3.5803604125976562, 4.0467681884765625, 3.9877567291259766, 4.0467681884765625, 3.9877567291259766, 4.0467681884765625, 4.283418655395508, 4.283418655395508, 2.059573173522949, 4.283418655395508, 4.283418655395508, 4.283418655395508, 4.283418655395508, 4.283418655395508, 4.283418655395508, 4.791055679321289, 4.791057586669922, 4.791055679321289, 4.791057586669922, 4.791055679321289, 4.791057586669922, 4.791055679321289, 4.791057586669922, 4.791055679321289, 4.791057586669922, 4.791055679321289, 4.791057586669922, 4.791055679321289, 4.791057586669922, 4.791055679321289, 4.791057586669922, 4.791055679321289, 4.791057586669922, 4.791055679321289, 4.901971817016602, 4.902883529663086, 4.901971817016602, 4.902883529663086, 5.184232711791992, 5.821628570556641, 5.821628570556641, 5.821628570556641, 5.821628570556641, 5.821628570556641, 5.821628570556641, 5.821628570556641, 5.821628570556641, 5.821628570556641, 5.821628570556641, 5.821628570556641, 5.821628570556641, 5.821628570556641, 6.914567947387695, 6.914567947387695, 6.914567947387695, 6.914567947387695, 6.914567947387695, 6.914567947387695, 6.914567947387695, 6.914567947387695, 6.914567947387695, 6.914567947387695, 6.914567947387695, 6.914567947387695, 6.914567947387695, 6.914567947387695, 6.914567947387695, 6.914567947387695, 6.914567947387695, 6.914567947387695, 6.914567947387695, 6.914567947387695, 6.914567947387695, 6.689018249511719, 6.914567947387695, 6.914567947387695, 6.914567947387695, 6.914567947387695, 6.914567947387695, 6.914567947387695, 7.276309967041016, 7.276365280151367, 7.276309967041016, 7.276365280151367, 7.276309967041016, 7.276365280151367, 7.276309967041016, 7.276365280151367, 7.276309967041016, 7.276365280151367, 7.276309967041016, 7.276365280151367, 7.276309967041016, 7.276365280151367, 7.276309967041016, 7.276365280151367, 7.276309967041016, 7.276365280151367, 7.276365280151367, 7.276309967041016, 7.276365280151367, 7.276309967041016, 7.276365280151367, 7.276309967041016, 7.276365280151367, 7.276309967041016, 7.276365280151367, 7.276309967041016, 7.276365280151367, 7.276309967041016, 7.276365280151367, 7.276309967041016, 7.276365280151367, 7.276309967041016, 7.276365280151367, 7.276309967041016, 7.276365280151367, 7.276309967041016, 7.276365280151367, 7.276309967041016, 7.276365280151367, 7.276309967041016, 7.276365280151367, 7.276309967041016, 7.276365280151367, 7.276309967041016, 7.276365280151367, 7.276309967041016, 7.276365280151367, 7.276309967041016, 7.276365280151367, 7.276309967041016, 7.276365280151367, 7.276309967041016, 7.276365280151367, 7.276309967041016, 7.276365280151367, 7.276309967041016, 7.276365280151367, 7.276309967041016, 7.276365280151367, 7.276309967041016, 7.276365280151367, 7.276309967041016, 7.276365280151367, 7.276309967041016, 7.276365280151367, 7.276309967041016, 7.276365280151367, 7.276309967041016, 7.276365280151367, 7.276309967041016, 7.276365280151367, 7.276309967041016, 7.276365280151367, 7.276309967041016, 7.276365280151367, 7.276309967041016, 7.276365280151367, 7.276309967041016, 7.276365280151367, 7.276309967041016, 7.276365280151367, 7.276309967041016, 7.276365280151367, 7.276309967041016, 7.276365280151367, 7.276309967041016, 7.276365280151367, 7.276309967041016, 7.276365280151367, 7.276309967041016, 7.276365280151367, 7.276309967041016, 7.276365280151367, 7.276309967041016, 7.276365280151367, 7.276309967041016, 7.276365280151367, 7.276309967041016, 7.276365280151367, 7.276309967041016, 7.276365280151367, 7.276309967041016, 7.276365280151367, 7.276309967041016, 7.276365280151367, 7.276309967041016, 7.276365280151367, 1.6877784729003906, 7.276365280151367, 7.276309967041016, 7.276365280151367, 7.276309967041016, 7.276365280151367, 7.276309967041016, 7.276365280151367, 7.276365280151367, 7.276309967041016, 7.276365280151367, 7.276309967041016, 7.276365280151367, 7.276309967041016, 7.276365280151367, 7.276309967041016, 7.276365280151367, 7.276309967041016, 7.276365280151367, 7.276309967041016, 7.276365280151367, 7.276309967041016, 7.276365280151367, 7.276309967041016, 7.276365280151367, 7.276309967041016, 7.276365280151367, 7.276309967041016, 7.276365280151367, 7.276309967041016, 7.276365280151367, 7.276309967041016, 7.276365280151367, 7.276309967041016, 7.276365280151367, 7.276309967041016, 7.276365280151367, 7.276309967041016, 7.276365280151367, 7.276309967041016, 7.276365280151367, 7.276309967041016, 7.276365280151367, 7.276309967041016, 7.276365280151367, 7.276309967041016, 7.276365280151367, 7.276309967041016, 7.276365280151367, 7.276309967041016, 7.276365280151367, 7.276309967041016, 7.276365280151367, 11.238668441772461, 11.238668441772461, 11.238668441772461, 11.238668441772461, 11.238668441772461, 11.238668441772461, 11.238668441772461, 11.238668441772461, 11.238668441772461, 11.238668441772461, 11.238668441772461, 11.238668441772461, 11.238668441772461, 11.238668441772461, 11.238668441772461, 11.238668441772461, 11.238668441772461, 11.238668441772461, 11.238668441772461, 11.238668441772461, 11.238668441772461, 11.238668441772461, 11.238668441772461, 11.238668441772461, 11.238668441772461, 11.238668441772461, 11.238668441772461, 11.238668441772461, 11.238668441772461, 11.238668441772461, 11.238668441772461, 11.238668441772461, 11.238668441772461, 11.238668441772461, 11.238668441772461, 11.238668441772461, 11.238668441772461, 11.238668441772461, 11.238668441772461, 11.238668441772461, 11.238668441772461, 11.238668441772461, 11.238668441772461, 11.238668441772461, 11.238668441772461, 11.238668441772461, 11.238668441772461, 11.238668441772461, 11.238668441772461, 11.238668441772461, 11.238668441772461, 11.238668441772461, 11.238668441772461, 11.238668441772461, 11.238668441772461, 11.238668441772461, 11.238668441772461, 11.238668441772461, 11.238668441772461, 11.238668441772461, 11.238668441772461],