{"agent_num": 50, "generation": 5, "num_row": 4, "num_clm": 7, "num_elite": 6, "value_ctlg": [-1, 0, 1], "statistics": ["mean", "vari"], "score_log": [17.39207144344553, 18.145156804253073, 18.145156804253073, 18.145156804253073, 18.49364258261288], "simMean_log": [0.0006187887293737888, 0.024938198818024837, 0.04556447458567697, 0.05584165853265015, 0.11110966932043168, 0.13306217814010313], "simMedi_log": [], "simVari_log": [0.03873619479364416, 0.04594456438451125, 0.04797792253178726, 0.05403875780122012, 0.06839357688505501, 0.06378082801637941], "genera_clone": [], "parts_num": 9, "step_num": 7, "rote_speed": 1.1, "torque": 210, "FPStep": 17}